levers;code;make;model;year;KOD
MRV-racing;AP.6.1;APRILIA;CAPONORD / ETV 1000;2002-2007;
MRV-racing;AP.8.3;APRILIA;CAPANORD 1200 / RALLY;2014-2016;
MRV-racing;AP.7.2;APRILIA;DORSODURO 750;2008-2016;
MRV-racing;AP.8.4;APRILIA;DORSODURO 1200;2011-2015;
MRV-racing;AP.8.5;APRILIA;FALCO / SL 1000;2000-2004 ;
MRV-racing;AP.4.2;APRILIA;PEGASO 650;1992-1996;
MRV-racing;AP.3.1;APRILIA;RS 50;2000-2005;
MRV-racing;AP.3.2;APRILIA;RS 125;1998-2005;
MRV-racing;AP.4.1;APRILIA;RS 250;1995-2002;
MRV-racing;AP.6.2;APRILIA;RST 1000 FUTURA;2001-2004;
MRV-racing;AP.8.1;APRILIA;RSV MILLE / R;1999-2003 ;
MRV-racing;AP.2.1;APRILIA;RSV MILLE / R;2004-2008; F-11 / V-4
MRV-racing;AP.1.1;APRILIA;RSV4 / RSV4 FACTORY;2009-2016;R33 / M-48
MRV-racing;AP.7.1;APRILIA;"SHIVER / GT	";2007-2016;
MRV-racing;AP.8.2;APRILIA;TUONO 1000-R;2003-2009;DB-12 / M-48
MRV-racing;AP.5.1;APRILIA;TUONO V4R / FACTORY;2011-2016;
MRV-racing;BAJ.1.1;BAJAJ;PULSAR 200 NS;all years;
MRV-racing;BM.6.3;BMW;F650;1998;
MRV-racing;BM.4.3;BMW;F650 GS;2008-2012 ;
MRV-racing;BM.4.4;BMW;F700 GS;2013-2016;
MRV-racing;BM.4.7;BMW;F800 GS / ADVENTURE;2008-2016 ;
MRV-racing;BM.4.5;BMW;F800 GT;2013-2015;
MRV-racing;BM.4.6;BMW;F800 R;2009-2016;
MRV-racing;BM.4.1;BMW;F800 S;2006-2014;
MRV-racing;BM.4.2;BMW;F800 ST;2006-2015;
MRV-racing;BM.3.1;BMW;G650 GS;2011-2012;
MRV-racing;BM.1.13;BMW;HP2 ENDURO;2005-2008 ;
MRV-racing;BM.1.14;BMW;HP2 MEGAMOTO;2006-2009;
MRV-racing;BM.2.1;BMW;HP2 SPORT;2008-2011 ;
MRV-racing;BM.1.10;BMW;K1200 GT;2007-2008;
MRV-racing;BM.1.1;BMW;K1600 GT / GTL;2011-2015;
MRV-racing;BM.1.3;BMW;K1200 R;2005-2008;
MRV-racing;BM.1.4;BMW;K1200 R SPORT;2006-2008;
MRV-racing;BM.1.2;BMW;K1200 S;2004-2008;
MRV-racing;BM.1.12;BMW;K1300 S / R / GT;2009-2014 ;
MRV-racing;BM.1.8;BMW;R1200 GS;2004-2012;
MRV-racing;BM.1.9;BMW;R1200 GS ADVENTURE;2006-2011;
MRV-racing;BM.1.5;BMW;R1200 R;2006-2014;
MRV-racing;BM.1.11;BMW;R1200 RT / SE;2010-2013;
MRV-racing;BM.1.6;BMW;R1200 S;2006-2008;
MRV-racing;BM.1.7;BMW;R1200 ST;2005-2008;
MRV-racing;BM.5.1;BMW;S1000 RR (no Comp version);2010-2014;
MRV-racing;BM.5.2;BMW;S1000 R;2014;
MRV-racing;BL.2.1;BUELL;1125 R;2008-2009;
MRV-racing;BL.2.2;BUELL;1125 CR;2009;
MRV-racing;BL.1.6;BUELL;M2 CYCLONE;1997-2002;
MRV-racing;BL.1.5;BUELL;S1 LIGHTNING;1997-1998;
MRV-racing;BL.3.1;BUELL;ULYSSES XB12XT;2009;
MRV-racing;BL.3.2;BUELL;ULYSSES XB12X;2009;
MRV-racing;BL.1.4;BUELL;X1 LIGHTNING;1998-2002;
MRV-racing;BL.3.4;BUELL;XB9 all models;2003-2009 ;
MRV-racing;BL.3.3;BUELL;XB12 all models;2004-2008;
MRV-racing;BL.1.1;BUELL;XB12R;2009;
MRV-racing;BL.1.3;BUELL;XB12Scg;2009;
MRV-racing;BL.1.2;BUELL;XB12Ss;2009;
MRV-racing;DU.5.1;DUCATI;748;up to 1998;
MRV-racing;DU.1.9;DUCATI;749 / S / R;2003-2006;
MRV-racing;DU.1.6;DUCATI;848 / EVO;2007-2013 ;
MRV-racing;DU.5.2;DUCATI;916 / 916 SPS ;up to 1998;
MRV-racing;DU.3.5;DUCATI;996 / 998 / B / S / R;1999-2003;
MRV-racing;DU.1.8;DUCATI;999 / S / R;2003-2006;
MRV-racing;DU.1.4;DUCATI;1098 / S / Tricolor;2007-2008;
MRV-racing;DU.1.2;DUCATI;1198 S / R;2009-2011;
MRV-racing;DU.5.11;DUCATI;620 SS SUPER SPORT;2003;
MRV-racing;DU.3.6;DUCATI;748 / 750 SS SUPER SPORT;1999-2002;
MRV-racing;DU.3.4;DUCATI;800 SS SUPER SPORT;2003-2006;
MRV-racing;DU.5.3;DUCATI;900 SS SUPER SPORT;1991-1997 ;
MRV-racing;DU.3.3;DUCATI;900 SS / 1000 SS SUPER SPORT;1998-2006 ;
MRV-racing;DU.1.1;DUCATI;DIAVEL / CARBON;2011-2015;
MRV-racing;DU.2.4;DUCATI;DIAVEL / CARBON / XDIAVEL / S;2016;
MRV-racing;DU.3.13;DUCATI;GT 1000;2006-2010;
MRV-racing;DU.4.1;DUCATI;HYPERMOTARD 796 (only short);2010-2012;
MRV-racing;DU.7.3;DUCATI;HYPERMOTARD 821 / HYPERSTRADA;2013-2015;
MRV-racing;DU.8.1;DUCATI;HYPERMOTARD 821 SP;2013-2015;
MRV-racing;DU.8.2;DUCATI;HYPERMOTARD 939 SP;2016;
MRV-racing;DU.7.4;DUCATI;"HYPERMOTARD 939 / STRADA";2016;
MRV-racing;DU.9.1;DUCATI;HYPERMOTARD 1100 / S / EVO SP (only short);2007-2012 ;
MRV-racing;DU.5.4;DUCATI;MONSTER M400 ;1999-2003  ;
MRV-racing;DU.4.2;DUCATI;MONSTER 400;2004-2007  ;
MRV-racing;DU.5.5;DUCATI;MONSTER M600  ;1994-2001 ;
MRV-racing;DU.5.6;DUCATI;MONSTER M620 ;2002;
MRV-racing;DU.4.3;DUCATI;MONSTER 620 / 620 MTS;2003-2006 ;
MRV-racing;DU.4.4;DUCATI;MONSTER 695;2007-2008;
MRV-racing;DU.4.5;DUCATI;MONSTER 696;2008-2014;
MRV-racing;DU.5.7;DUCATI;MONSTER M750 / M750IE ;1994-2002  ;
MRV-racing;DU.4.6;DUCATI;MONSTER 796;2011-2014;
MRV-racing;DU.4.7;DUCATI;MONSTER S2R 800 ;2005-2007 ;
MRV-racing;DU.7.1;DUCATI;MONSTER 821 / DARK / STRIPE ;2014-2016;
MRV-racing;DU.5.8;DUCATI;MONSTER M900 ;1994-1999 ;
MRV-racing;DU.3.2;DUCATI;MONSTER M900 / M1000;2000-2005 ;
MRV-racing;DU.1.7;DUCATI;MONSTER M1100 / S / EVO MONSTER;2009-2013;
MRV-racing;DU.1.5;DUCATI;MONSTER 1200;2014;
MRV-racing;DU.2.3;DUCATI;MONSTER 1200 / S / R;2015-2016;
MRV-racing;DU.3.1;DUCATI;MS4 / MS4R;2001-2006 ;
MRV-racing;DU.3.7;DUCATI;MULTISTRADA MTS 1000 SDS / DS;2004-2006;
MRV-racing;DU.3.8;DUCATI;MULTISTRADA MTS 1100 ;2007-2009;
MRV-racing;DU.3.9;DUCATI;MULTISTRADA MTS 1100 S;2007-2009;
MRV-racing;DU.1.11;DUCATI;MULTISTRADA 1200 / S / GT / ABS;2010-2016;
MRV-racing;DU.2.2;DUCATI;PANIGALE 899;2014-2015;
MRV-racing;DU.2.5;DUCATI;PANIGALE;2016;
MRV-racing;DU.2.1;DUCATI;PANIGALE 1199 / S / TRICOLOR;2012-2016;
MRV-racing;DU.3.14;DUCATI;PAUL SMART LE;2006;
MRV-racing;DU.3.15;DUCATI;S2R 1000;2006-2008;
MRV-racing;DU.1.10;DUCATI;S4RS;2006-2008;
MRV-racing;DU.7.2;DUCATI;SCRAMBLER;2015-2016;
MRV-racing;DU.3.12;DUCATI;SPORT 1000;2006-2009;
MRV-racing;DU.5.9;DUCATI;ST2 ;1998-2003 ;
MRV-racing;DU.3.11;DUCATI;ST3 / S / ABS;2003-2007;
MRV-racing;DU.5.10;DUCATI;ST4 / S / ABS; 1999-2002 ;
MRV-racing;DU.4.8;DUCATI;ST4S;2003;
MRV-racing;DU.3.10;DUCATI;ST4 / S / ABS;2004-2006;
MRV-racing;DU.1.12;DUCATI;STREETFIGHTER / S;2009-2013;
MRV-racing;DU.6.1;DUCATI;T300 (all models);all years;
MRV-racing;HON.8.1;HONDA;BLACK SPIRIT;2014-2016;
MRV-racing;HON.7.2;HONDA;CB 300 F / FA / CBR 300 R;2014-2016;
MRV-racing;HON.1.19;HONDA;CB 500 R / T;1993-1996;
MRV-racing;HON.7.5;HONDA;CB 500 F / X / CBR 500 R ;2013-2015;
MRV-racing;HON.1.1;HONDA;CB 599 / CB 600 HORNET ;1998-2006 ;
MRV-racing;HON.9.1;HONDA;CB 600 F / CB 650 F HORNET;2007-2013 ;
MRV-racing;HON.10.1;HONDA;CB 650 F / CBR 650 F ;2014-2016;
MRV-racing;HON.1.12;HONDA;CB 750 NIGHTHAWK;1991-2008;
MRV-racing;HON.1.6;HONDA;CB 900 HORNET;2002-2006;
MRV-racing;HON.1.3;HONDA;CB 919 ;2002-2007 ;
MRV-racing;HON.16.1;HONDA;CB 1000 R;2008-2016;
MRV-racing;HON.17.2;HONDA;CB 1100 / GIO SPECIAL;2013-2016;
MRV-racing;HON.17.3;HONDA;CB 1300 / CB 1300 X4 ;1998-2002;
MRV-racing;HON.13.5;HONDA;CB 1300;2003-2010;
MRV-racing;HON.9.3;HONDA;CBF 600 / SA;2010-2013;
MRV-racing;HON.12.6;HONDA;CBF1000;2006-2009;
MRV-racing;HON.17.1;HONDA;CBF 1000 / A;2010-2013;
MRV-racing;HON.19.1;HONDA;CBR 125 R / 150 R;2004-2012;
MRV-racing;HON.7.1;HONDA;CBR 250 R / ABS;2011-2013;
MRV-racing;HON.7.2;HONDA;CBR 300 R / CB 300 F / FA;2014-2016;
MRV-racing;HON.1.14;HONDA;CBR 400 NC29 ;1990-1994;
MRV-racing;HON.7.5;HONDA;CBR 500 R / CB 500 F / X;2013-2015;
MRV-racing;HON.1.16;HONDA;CBR 600 F ;1987-2000;
MRV-racing;HON.1.17;HONDA;CBR 600 SPORT (FS1 / FS2); 2001-2002;
MRV-racing;HON.1.2;HONDA;CBR 600 F2 / F3 / F4 / F4i ;1991-2007 ;
MRV-racing;HON.9.2;HONDA;CBR 600 F;2011-2013;
MRV-racing;HON.10.1;HONDA;CBR 650 F / CB 650 F;2014-2016;
MRV-racing;HON.2.1;HONDA;CBR 600 RR;2003-2006 ;
MRV-racing;HON.6.1;HONDA;CBR 600 RR;2007-2016;
MRV-racing;HON.1.4;HONDA;CBR 900 RR FIREBLADE ;1993-1999;
MRV-racing;HON.3.1;HONDA;CBR 900 RR / 929 RR;2000-2001;
MRV-racing;HON.2.2;HONDA;CBR 900 RR / 954 RR;2002-2003 ;
MRV-racing;HON.16.2;HONDA;CBR 1000 RR / FIREBLADE;2004-2007 ;
MRV-racing;HON.6.2;HONDA;CBR 1000 RR / FIREBLADE / SP;2008-2016;
MRV-racing;HON.13.2;HONDA;CBR 1100 XX / BLACKBIRD;1997-2007;
MRV-racing;HON.20.1;HONDA;DOMINATOR NX 650;1988-2001;
MRV-racing;HON.7.4;HONDA;GROM;2014-2016;
MRV-racing;HON.12.7;HONDA;MAGNA SUPER VF 750 C ;1988;
MRV-racing;HON.1.11;HONDA;MAGNA 750 ;1994-2003;
MRV-racing;HON.7.3;HONDA;MSX 125;all years;
MRV-racing;HON.1.7;HONDA;NC 700 S / X ;2012-2013;
MRV-racing;HON.8.2;HONDA;NC750 S / X;2014-2015;
MRV-racing;HON.18.1;HONDA;PCX 125 / 150;all years;
MRV-racing;HON.11.3;HONDA;RC 51 / RVT 1000 SP-1 / SP-2;2000-2006 ;
MRV-racing;HON.1.15;HONDA;RVF 400 NC35 ;1992;
MRV-racing;HON.1.8;HONDA;SHADOW 600 ;1988-2010;
MRV-racing;HON.1.9;HONDA;SHADOW 750 ;1998-2010;
MRV-racing;HON.1.13;HONDA;SHADOW VT 1100 C2 / ACE ;1995-1996;
MRV-racing;HON.1.10;HONDA;SHADOW 1100 ;1997-2010;
MRV-racing;HON.13.3;HONDA;ST 1300 / ST 1300 A;2003-2007;
MRV-racing;HON.5.1;HONDA;ST 1300;2008-2012;
MRV-racing;HON.12.1;HONDA;VF 750 S SABRE;1982-1986 ;
MRV-racing;HON.1.18;HONDA;VFR 400 NC30 ;1989-1993;
MRV-racing;HON.13.4;HONDA;VFR 750 RC30;1988-1990;
MRV-racing;HON.12.2;HONDA;VFR 750;1991-1997 ;
MRV-racing;HON.13.1;HONDA;VFR 800;1998-2001 ;
MRV-racing;HON.12.3;HONDA;VFR 800 / F;2002-2016;
MRV-racing;HON.4.1;HONDA;VFR 1200 / F;2010-2016;
MRV-racing;HON.12.5;HONDA;VTR 1000 F / FIRESTORM;1997-2006;
MRV-racing;HON.11.1;HONDA;VTR 1000 SP-1;2000-2001;
MRV-racing;HON.11.2;HONDA;VTR 1000 SP-2;2002-2006;
MRV-racing;HON.1.5;HONDA;VTX 1300 ;2003-2008;
MRV-racing;HON.12.4;HONDA;X-4;all years;
MRV-racing;HON.15.1;HONDA;X-11;1999-2002 ;
MRV-racing;HON.14.1;HONDA;XL 1000 VARADERO;1999-2005;
MRV-racing;HUS.1.1;HUSQVARNA;SMS 630 IE;2011-2012 ;
MRV-racing;HY0.1.1;HYOSUNG;GT 250 R;2006-2010 ;
MRV-racing;HY0.1.2;HYOSUNG;GT 650 R;2006-2012;
MRV-racing;KAW.2.6;KAWASAKI;ER-5;2004-2005 ;
MRV-racing;KAW.2.5;KAWASAKI;GPZ 500 S / EX 500 R NINJA;1990-2009;
MRV-racing;KAW.6.8;KAWASAKI;GPZ 900 R;1990-1993;
MRV-racing;KAW.6.11;KAWASAKI;GPZ 1100 / ABS;1995-1998;
MRV-racing;KAW.6.10;KAWASAKI;GTR 1000;1992-2006;
MRV-racing;KAW.8.2;KAWASAKI;GTR 1400 / CONCOURS ;2007-2016;
MRV-racing;KAW.12.1;KAWASAKI;H2 / H2R;2015-2016;
MRV-racing;KAW.2.12;KAWASAKI;KLE 500;1991-2007;
MRV-racing;KAW.1.1;KAWASAKI;NINJA 250 R;2008-2012 ;
MRV-racing;KAW.1.2;KAWASAKI;NINJA 300 R;2013-2016;
MRV-racing;KAW.9.3;KAWASAKI;NINJA 400 R / ER-4N;2011;
MRV-racing;KAW.2.1;KAWASAKI;NINJA 600 / ZZR 600 / ZX-6E ;1990-2004 ;
MRV-racing;KAW.3.1;KAWASAKI;NINJA 600 / ZZR 600 / ZX-6E ;2005-2009;
MRV-racing;KAW.2.7;KAWASAKI;NINJA 650 R (ER-6F / ER-6N);2006-2008;
MRV-racing;KAW.9.1;KAWASAKI;NINJA 650 R (ER-6F / ER-6N);2009-2016;
MRV-racing;KAW.5.5;KAWASAKI;NINJA 1000 / Z 1000 SX / TOURER;2011-2016;
MRV-racing;KAW.2.16;KAWASAKI;VERSYS (650cc);2006-2008;
MRV-racing;KAW.9.2;KAWASAKI;VERSYS (650cc);2009-2014 ;
MRV-racing;KAW.10.2;KAWASAKI;VERSYS 650;2015-2016;
MRV-racing;KAW.3.5;KAWASAKI;VERSYS 1000;2012-2014;
MRV-racing;KAW.10.1;KAWASAKI;VERSYS 1000;2015-2016;
MRV-racing;KAW.6.16;KAWASAKI;VN 1500 CLASSIC / TOURER;1998-2003;
MRV-racing;KAW.6.17;KAWASAKI;VN 1600 CLASSIC / TOURER;2003-2005;
MRV-racing;KAW.6.14;KAWASAKI;VN 1500 MEAN STREAK;2002-2003;
MRV-racing;KAW.6.15;KAWASAKI;VN 1600 MEAN STREAK;2004-2006;
MRV-racing;KAW.10.2;KAWASAKI;VULCAN / S 650;2015-2016;
MRV-racing;KAW.2.18;KAWASAKI;W 800 / SE;2012-2016;
MRV-racing;KAW.1.3;KAWASAKI;Z 250;2013-2014 ;
MRV-racing;KAW.2.9;KAWASAKI;Z 750;2004-2006;
MRV-racing;KAW.7.1;KAWASAKI;Z 750 (no Z 750 S);2007-2011;
MRV-racing;KAW.5.2;KAWASAKI;Z 750 R;2011-2012;
MRV-racing;KAW.2.8;KAWASAKI;Z 750 S (no Z750);2006-2008;
MRV-racing;KAW.7.2;KAWASAKI;Z 800 / E wersja;2013-2015;
MRV-racing;KAW.3.6;KAWASAKI;Z 1000;2003-2006;
MRV-racing;KAW.5.4;KAWASAKI;Z 1000;2007-2016;
MRV-racing;KAW.2.20;KAWASAKI;ZEPHYR 550;1991-1999;
MRV-racing;KAW.2.3;KAWASAKI;ZEPHYR ZR 750 ;1991-1997;
MRV-racing;KAW.6.12;KAWASAKI;ZEPHYR 1100;all years;
MRV-racing;KAW.6.5;KAWASAKI;ZG 1000 CONCOURS;1992-2006;
MRV-racing;KAW.6.3;KAWASAKI;ZRX 1100 / 1200;1999-2007 ;
MRV-racing;KAW.2.2;KAWASAKI;ZX-6;1990-1999;
MRV-racing;KAW.2.13;KAWASAKI;ZX6R;1995-1999;
MRV-racing;KAW.3.2;KAWASAKI;ZX6R / ZX636R / ZX6RR;2000-2004 ;
MRV-racing;KAW.4.1;KAWASAKI;ZX636R / ZX6RR;2005-2006 ;
MRV-racing;KAW.5.1;KAWASAKI;ZX6R / 636;2007-2016;
MRV-racing;KAW.2.15;KAWASAKI;ZR-7 / S;1999-2003;
MRV-racing;KAW.6.7;KAWASAKI;ZX7R / ZX7RR;1989-2003;
MRV-racing;KAW.6.1;KAWASAKI;ZX9;1994-1997;
MRV-racing;KAW.2.4;KAWASAKI;ZX9R;1998-1999 ;
MRV-racing;KAW.3.3;KAWASAKI;ZX9R;2000-2003;
MRV-racing;KAW.6.9;KAWASAKI;ZX10;1988-1990;
MRV-racing;KAW.3.4;KAWASAKI;ZX10R;2004-2005 ;
MRV-racing;KAW.5.3;KAWASAKI;ZX10R;2006-2015;
MRV-racing;KAW.11.1;KAWASAKI;ZX10R;2016;
MRV-racing;KAW.6.2;KAWASAKI;ZX 1100 / ZX-11;1990-2001 ;
MRV-racing;KAW.3.7;KAWASAKI;ZX12R;2000-2005;
MRV-racing;KAW.8.1;KAWASAKI;ZX 1400 / ZX14R / ZZR 1400;2006-2016;
MRV-racing;KAW.2.11;KAWASAKI;ZXR 400;all years;
MRV-racing;KAW.2.21;KAWASAKI;ZXR 400 L;1991-2003;
MRV-racing;KAW.6.6;KAWASAKI;ZXR 750;1989-1995;
MRV-racing;KAW.2.19;KAWASAKI;ZZR 250;1990-1993;
MRV-racing;KAW.6.13;KAWASAKI;ZZR 1100;1990-1992;
MRV-racing;KAW.2.17;KAWASAKI;ZZR 1100;1993-2001;
MRV-racing;KAW.6.4;KAWASAKI;ZZR 1200;2002-2005;
MRV-racing;KAW.13.1;KAWASAKI;ZZR / ZX 1400 S;2016;
MRV-racing;KTM.7.4;KTM;ADVENTURE 1150;2016;
MRV-racing;KTM.5.1;KTM;ADVENTURE 1190 / R;2013-2016;
MRV-racing;KTM.9.1;KTM;DUKE 125 ;2011-2016;
MRV-racing;KTM.9.2;KTM;DUKE 200 ;2012-2013;
MRV-racing;KTM.9.4;KTM;DUKE 200 / RC 200;2014-2015;
MRV-racing;KTM.9.3;KTM;DUKE 390 / RC 390;2013-2016;
MRV-racing;KTM.1.3;KTM;DUKE 690;2008-2011;
MRV-racing;KTM.3.3;KTM;DUKE 690 / DUKE R ;2012-2013;
MRV-racing;KTM.7.1;KTM;DUKE 690 ;2014-2016;
MRV-racing;KTM.8.1;KTM;DUKE R 690;2014-2016;
MRV-racing;KTM.7.2;KTM;ENDURO R 690;2014-2016;
MRV-racing;KTM.9.5;KTM;RC 125;2014-2015;
MRV-racing;KTM.1.4;KTM;RC8 / R;2009-2016;
MRV-racing;KTM.3.1;KTM;SM 690;2007-2008 ;
MRV-racing;KTM.4.1;KTM;SM 950 / SUPERMOTO;2007;
MRV-racing;KTM.3.2;KTM;SMC 690;2008-2011 ;
MRV-racing;KTM.3.5;KTM;SMC 690 / SMC-R;2012-2013;
MRV-racing;KTM.7.3;KTM;SMC / SMCR;2014-2016;
MRV-racing;KTM.4.2;KTM;SMR 950 / SUPERMOTO R;2008;
MRV-racing;KTM.6.1;KTM;SMR 990 / SMT;2009-2013;
MRV-racing;KTM.5.2;KTM;SUPER ADVENTURE 1290;2015-2016;
MRV-racing;KTM.1.1;KTM;SUPER DUKE 990;2005-2012;
MRV-racing;KTM.1.2;KTM;SUPER DUKE R 1290;2014-2016;
MRV-racing;KTM.3.4;KTM;SUPERMOTO LC4 640;2003-2006;
MRV-racing;MG.2.2;MOTO GUZZI;AUDACE / ELDORADO;2015-2016;
MRV-racing;MG.1.9;MOTO GUZZI;BELLAGIO;2009-2011;
MRV-racing;MG.3.1;MOTO GUZZI;BREVA 750;2004-2009 ;
MRV-racing;MG.1.1;MOTO GUZZI;BREVA 850  / 1200;2006-2009;
MRV-racing;MG.1.3;MOTO GUZZI;BREVA 1100;2006-2012 ;
MRV-racing;MG.2.1;MOTO GUZZI;"CALIFORNIA
(Custom / Touring / Classic)";2014-2016;
MRV-racing;MG.1.2;MOTO GUZZI;GRISO;2006-2015;
MRV-racing;MG.2.3;MOTO GUZZI;MGX 21;2016;
MRV-racing;MG.3.5;MOTO GUZZI;NEVADA 750;2007;
MRV-racing;MG.1.5;MOTO GUZZI;NORGE 850  / 1200 / GT / GTL;2008-2012;
MRV-racing;MG.1.4;MOTO GUZZI;NORGE 1200 / GT8V;2006-2015;
MRV-racing;MG.1.6;MOTO GUZZI;SPORT 1200;2007-2013 ;
MRV-racing;MG.1.10;MOTO GUZZI;STELVIO;2008-2015;
MRV-racing;MG.1.7;MOTO GUZZI;STELVIO 1200 4V;2008-2015;
MRV-racing;MG.3.6;MOTO GUZZI;V7 BOBBER / ROAMER;2016;
MRV-racing;MG.3.3;MOTO GUZZI;V7 CLASSIC;2008-2016;
MRV-racing;MG.3.2;MOTO GUZZI;V7 RACER;2011-2015;
MRV-racing;MG.3.4;MOTO GUZZI;V7 STONE / SPECIAL;2012-2016;
MRV-racing;MG.1.8;MOTO GUZZI;V11;1999-2004;
MRV-racing;MV.3.1;MV AGUSTA;BRUTALE 750 ;2001-2005;
MRV-racing;MV.4.1;MV AGUSTA;BRUTALE 800;2013;
MRV-racing;MV.3.2;MV AGUSTA;BRUTALE 910 R ;2006-2008;
MRV-racing;MV.3.4;MV AGUSTA;BRUTALE 920 ;2011-2012;
MRV-racing;MV.3.3;MV AGUSTA;BRUTALE 989 R ;2008-2012;
MRV-racing;MV.3.5;MV AGUSTA;BRUTALE 990 ;2010-2012;
MRV-racing;MV.3.6;MV AGUSTA;BRUTALE 1078 RR ;2008-2012;
MRV-racing;MV.3.7;MV AGUSTA;BRUTALE 1090 ;2012-2013;
MRV-racing;MV.2.1;MV AGUSTA;F3 675;2013-2016;
MRV-racing;MV.2.2;MV AGUSTA;F3 800 / AGO / RC / AMG;2014-2016;
MRV-racing;MV.3.10;MV AGUSTA;F4 ;2010-2013;
MRV-racing;MV.3.8;MV AGUSTA;F4 750S ;1998-2004;
MRV-racing;MV.3.9;MV AGUSTA;F4 1000 ;2004-2006;
MRV-racing;MV.1.1;MV AGUSTA;F4 RR / F4 RC;2011-2016;
MRV-racing;SUZ.9.1;SUZUKI;B-KING;2008-2011;
MRV-racing;SUZ.13.1;SUZUKI;BURGMAN 650;2003-2009;
MRV-racing;SUZ.11.8;SUZUKI;DL 650 / V-STROM;2004-2010;
MRV-racing;SUZ.1.8;SUZUKI;DL 650 / V-STROM;2011-2012;
MRV-racing;SUZ.7.7;SUZUKI;DL 1000 / V-STROM;2002-2016;
MRV-racing;SUZ.6.2;SUZUKI;GS 500 E / L;1989;
MRV-racing;SUZ.5.7;SUZUKI;GS 500;1989-2008;
MRV-racing;SUZ.5.5;SUZUKI;GS 500 E;1994-1998;
MRV-racing;SUZ.5.6;SUZUKI;GS 500 F ;2004-2009 ;
MRV-racing;SUZ.5.2;SUZUKI;GSF 250 BANDIT;all years;
MRV-racing;SUZ.5.1;SUZUKI;GSF 600 BANDIT ;1995-2004;
MRV-racing;SUZ.5.4;SUZUKI;GSF 600 S BANDIT;1996-2003;
MRV-racing;SUZ.12.1;SUZUKI;GSF 650 BANDIT;2005-2006;
MRV-racing;SUZ.7.9;SUZUKI;GSF 650 BANDIT ;2007-2009;
MRV-racing;SUZ.7.11;SUZUKI;BANDIT 650S;2015;
MRV-racing;SUZ.6.4;SUZUKI;GSF 1200 BANDIT;1996-2000;
MRV-racing;SUZ.7.4;SUZUKI;GSF 1200 BANDIT;2001-2006;
MRV-racing;SUZ.7.5;SUZUKI;GSF 1250 BANDIT;2007-2015;
MRV-racing;SUZ.11.4;SUZUKI;GSF 600 F;1989-1997;
MRV-racing;SUZ.5.3;SUZUKI;GSF B6;1999-2004;
MRV-racing;SUZ.1.5;SUZUKI;GSR 600 / ABS;2006-2011;
MRV-racing;SUZ.1.6;SUZUKI;GSR 750 / ABS / GSX-S 750;2011-2016;
MRV-racing;SUZ.11.9;SUZUKI;GSX 600 F KATANA / GSX-F 600;1998-2006;
MRV-racing;SUZ.11.5;SUZUKI;GSX 650 F;1998;
MRV-racing;SUZ.7.10;SUZUKI;GSX 650 F;2008-2015;
MRV-racing;SUZ.6.3;SUZUKI;GSX 750 (naked);1998-1999 ;
MRV-racing;SUZ.11.10;SUZUKI;GSX 750 F KATANA / GSX-F 750;1998-2006;
MRV-racing;SUZ.7.6;SUZUKI;GSX 1250 F / FA / SA / ABS;2010-2016;
MRV-racing;SUZ.7.8;SUZUKI;GSX 1400;2001-2007;
MRV-racing;SUZ.1.1;SUZUKI;GSXR 600;1997-2003 ;
MRV-racing;SUZ.2.1;SUZUKI;GSXR 600;2004-2005 ;
MRV-racing;SUZ.3.2;SUZUKI;GSXR 600;2006-2010;
MRV-racing;SUZ.10.2;SUZUKI;GSXR 600 ;2011-2016;
MRV-racing;SUZ.11.6;SUZUKI;GSXR 750 R;1989-1991;
MRV-racing;SUZ.11.7;SUZUKI;GSXR 750;1990-1991;
MRV-racing;SUZ.1.2;SUZUKI;GSXR 750;1996-2003;
MRV-racing;SUZ.2.2;SUZUKI;GSXR 750;2004-2005;
MRV-racing;SUZ.3.3;SUZUKI;GSXR 750;2006-2010;
MRV-racing;SUZ.10.4;SUZUKI;GSXR 750;2011-2016;
MRV-racing;SUZ.1.3;SUZUKI;GSXR 1000;2001-2004;
MRV-racing;SUZ.3.1;SUZUKI;GSXR 1000;2005-2006 ;
MRV-racing;SUZ.4.1;SUZUKI;GSXR 1000;2007-2008 ;
MRV-racing;SUZ.10.1;SUZUKI;GSXR 1000 ;2009-2016;
MRV-racing;SUZ.6.5;SUZUKI;GSXR 1100;1989-1998 ;
MRV-racing;SUZ.10.3;SUZUKI;GSX-S 1000 / F / ABS;2015-2016;
MRV-racing;SUZ.7.3;SUZUKI;GSXR 1300 HAYABUSA;1999-2007;
MRV-racing;SUZ.8.1;SUZUKI;GSXR 1300 HAYABUSA;2008-2016;
MRV-racing;SUZ.6.6;SUZUKI;KATANA 1100;1991-1993;
MRV-racing;SUZ.11.3;SUZUKI;RF 600 R ;1993;
MRV-racing;SUZ.6.7;SUZUKI;RF 900 R;1994-1997;
MRV-racing;SUZ.6.1;SUZUKI;RG 125 GAMMA / WOLF;all years;
MRV-racing;SUZ.11.2;SUZUKI;RGV 250;all years;
MRV-racing;SUZ.1.7;SUZUKI;SFV 650 GLADIUS;2009-2015;
MRV-racing;SUZ.11.1;SUZUKI;SV 650 / S;1999-2009;
MRV-racing;SUZ.1.9;SUZUKI;SV 650 ;2016;
MRV-racing;SUZ.7.2;SUZUKI;SV 1000 / S;2003-2007;
MRV-racing;SUZ.7.1;SUZUKI;TL 1000 R;1998-2003 ;
MRV-racing;SUZ.1.4;SUZUKI;TL 1000 S;1997-2001;
MRV-racing;;SUZUKI;TL 1000 S;2006-2011;
MRV-racing;TR.1.8;TRIUMPH;AMERICA;2004-2005;
MRV-racing;TR.2.19;TRIUMPH;AMERICA / LT;2006-2016;
MRV-racing;TR.2.13;TRIUMPH;BONNEVILLE / SE / T100 / BLACK;2006-2015;
MRV-racing;TR.2.5;TRIUMPH;DAYTONA 600 / 650;2004-2005;
MRV-racing;TR.5.4;TRIUMPH;DAYTONA 675;2006-2015 ;
MRV-racing;TR.4.3;TRIUMPH;DAYTONA 675 R;2011-2016;
MRV-racing;TR.1.1;TRIUMPH;DAYTONA 955i;1997-2003 ;
MRV-racing;TR.2.6;TRIUMPH;DAYTONA 955i;2004-2006;
MRV-racing;TR.2.9;TRIUMPH;ROCKET III ;2004-2007;
MRV-racing;TR.2.17;TRIUMPH;ROCKET III CLASSIC;2007-2010;
MRV-racing;TR.2.18;TRIUMPH;ROCKET III ROADSTER;2010-2015;
MRV-racing;TR.2.15;TRIUMPH;SCRAMBLER;2006-2015;
MRV-racing;TR.1.6;TRIUMPH;SPEED FOUR;2003-2004 ;
MRV-racing;TR.2.3;TRIUMPH;SPEED FOUR;2005-2006;
MRV-racing;TR.2.12;TRIUMPH;SPEEDMASTER;2006-2016;
MRV-racing;TR.1.2;TRIUMPH;SPEED TRIPLE;1997-2003 ;
MRV-racing;TR.2.4;TRIUMPH;SPEED TRIPLE;2004-2007;
MRV-racing;TR.2.1;TRIUMPH;SPEED TRIPLE with Axialpumpe;2004-2008;
MRV-racing;TR.5.2;TRIUMPH;SPEED TRIPLE;2008-2010;
MRV-racing;TR.4.2;TRIUMPH;SPEED TRIPLE R;2012-2015;
MRV-racing;TR.4.1;TRIUMPH;SPEED TRIPLE 1050;2011-2015;
MRV-racing;TR.2.8;TRIUMPH;SPRINT GT;2011-2015;
MRV-racing;TR.1.4;TRIUMPH;SPRINT RS;1999-2003 ;
MRV-racing;TR.1.3;TRIUMPH;SPRINT ST;1997-2003 ;
MRV-racing;TR.2.7;TRIUMPH;SPRINT ST / RS;2004-2009;
MRV-racing;TR.5.1;TRIUMPH;STREET TRIPLE 675 / R with Radialp;2008-2011 ;
MRV-racing;TR.2.2;TRIUMPH;STREET TRIPLE  675;2008-2015;
MRV-racing;TR.5.3;TRIUMPH;STREET TRIPLE R 675 / RX;2009-2016;
MRV-racing;TR.2.10;TRIUMPH;THRUXTON;2004-2015;
MRV-racing;TR.2.11;TRIUMPH;THRUXTON STEVE McQUEEN SE;2012;
MRV-racing;TR.2.16;TRIUMPH;TIGER 800 / XC;2011-2015;
MRV-racing;TR.2.20;TRIUMPH;TIGER 1050 / SPORT;2007-2015;
MRV-racing;TR.3.1;TRIUMPH;TIGER 1200 EXPLORER / XC;2012-2016;
MRV-racing;TR.1.7;TRIUMPH;TIGER EFI;1999-2006;
MRV-racing;TR.6.1;TRIUMPH;TROPHY 1200;2002;
MRV-racing;TR.3.2;TRIUMPH;TROPHY / SE;2013-2015;
MRV-racing;TR.1.5;TRIUMPH;TT 600;2000-2003;
MRV-racing;YAM.18.1;YAMAHA;BWS 125;wszystkie roczniki;
MRV-racing;YAM.6.3;YAMAHA;DT 50 (3MN);1989-1997;
MRV-racing;YAM.6.4;YAMAHA;DT 50 (70K10/70K1A);2012-2013;
MRV-racing;YAM.6.5;YAMAHA;DT 80 (53V);1985-1991;
MRV-racing;YAM.22.1;YAMAHA;FJ-09 / MT-09 TRACER;2015-2016;
MRV-racing;YAM.20.1;YAMAHA;FJ 1200;1986-1997;
MRV-racing;YAM.8.1;YAMAHA;FJR 1300;2003;
MRV-racing;YAM.9.1;YAMAHA;FJR 1300;2004-2016;
MRV-racing;YAM.20.2;YAMAHA;FZ 750;1985-1994;
MRV-racing;YAM.1.3;YAMAHA;FZ1 FAZER / FZS 1000 FAZER;2001-2005 ;
MRV-racing;YAM.7.3;YAMAHA;FZ1 FAZER ;2006-2013;
MRV-racing;YAM.11.2;YAMAHA;FZS 600 FAZER;2002-2003;
MRV-racing;YAM.7.1;YAMAHA;FZ6 600 FAZER / S2;2004-2010;
MRV-racing;YAM.7.2;YAMAHA;FZ6 R;2009-2015;
MRV-racing;YAM.7.7;YAMAHA;FZ8;2011-2015;
MRV-racing;YAM.13.1;YAMAHA;FZ16;2012-2013;
MRV-racing;YAM.14.1;YAMAHA;FZ16;2014;
MRV-racing;YAM.1.8;YAMAHA;FZR 400 RR / RRSP;1991-1995;
MRV-racing;YAM.21.1;YAMAHA;FZR 600 R GENESIS;1989-1993;
MRV-racing;YAM.8.5;YAMAHA;FZR 1000 EXUP;1991-1995;
MRV-racing;YAM.17.1;YAMAHA;MT-01;2004-2009 ;
MRV-racing;YAM.16.1;YAMAHA;MT-03;2006-2014;
MRV-racing;YAM.7.4;YAMAHA;MT-07 / FZ-7;2014-2016;
MRV-racing;YAM.7.5;YAMAHA;MT-09 / SR / FZ-09 (no FJ-09);2013-2015;
MRV-racing;YAM.1.7;YAMAHA;RD 350 N;1985-1988;
MRV-racing;YAM.1.5;YAMAHA;RD 500 LC;all years;
MRV-racing;YAM.11.1;YAMAHA;TDM 900;2002-2004;
MRV-racing;YAM.10.1;YAMAHA;TDM 900;2005-2012;
MRV-racing;YAM.15.1;YAMAHA;TMAX 500 XP;2001-2006;
MRV-racing;YAM.23.1;YAMAHA;TMAX 500 XP;2007-2009;
MRV-racing;YAM.23.2;YAMAHA;TMAX 530 XP;2012-2014;
MRV-racing;YAM.17.2;YAMAHA;V-MAX 1700;2009-2016;
MRV-racing;YAM.7.6;YAMAHA;XJ6 DIVERSION;2009-2015;
MRV-racing;YAM.8.2;YAMAHA;XJR 1200;1995-1998;
MRV-racing;YAM.8.3;YAMAHA;XJR 1300;1999-2003;
MRV-racing;YAM.9.3;YAMAHA;XJR 1300  / RACER;2004-2016;
MRV-racing;YAM.7.8;YAMAHA;XSR 700 ABS;2016;
MRV-racing;YAM.7.9;YAMAHA;XSR 900 ABS;2016;
MRV-racing;YAM.6.6;YAMAHA;XT 350;1985-1995;
MRV-racing;YAM.6.1;YAMAHA;XT 660 R / X ;2004-2011;
MRV-racing;YAM.9.2;YAMAHA;XT 1200 ZE SUPERTENERE;2012-2016;
MRV-racing;YAM.6.2;YAMAHA;XTZ 660 H / N TENERE;1991-1999;
MRV-racing;YAM.6.7;YAMAHA;XTZ 750 SUPER TENERE;1989-1997;
MRV-racing;YAM.7.10;YAMAHA;XV 950 RACER;2016;
MRV-racing;YAM.13.2;YAMAHA;YBR 125;2005-2008;
MRV-racing;YAM.3.1;YAMAHA;YZF 600 R THUNDERCAT;1996-2007;
MRV-racing;YAM.8.4;YAMAHA;YZF 750 R;1993-1998;
MRV-racing;YAM.8.6;YAMAHA;YZF 1000 R THUNDERACE;all years;
MRV-racing;YAM.2.1;YAMAHA;YZF R1;1999-2001 ;
MRV-racing;YAM.1.2;YAMAHA;YZF R1;2002-2003;
MRV-racing;YAM.4.2;YAMAHA;YZF R1;2004-2008 ;
MRV-racing;YAM.5.1;YAMAHA;YZF R1;2009-2014 ;
MRV-racing;YAM.19.1;YAMAHA;YZF R3;2014-2015;
MRV-racing;YAM.1.1;YAMAHA;YZF R6 ;1999-2004 ;
MRV-racing;YAM.4.1;YAMAHA;YZF R6;2005-2016;
MRV-racing;YAM.4.3;YAMAHA;YZF R6S CANADA version;2006;
MRV-racing;YAM.1.6;YAMAHA;YZF R6S CANADA version;2007-2009;
MRV-racing;YAM.4.4;YAMAHA;YZF R6S EUROPE version;2006-2007;
MRV-racing;YAM.1.4;YAMAHA;YZF R6S USA version;2006-2009;
MRV-racing;YAM.12.1;YAMAHA;"YZF-R125 / 125R 
(version with no clutch sensor)";2008-2011 ;
MRV-racing;YAM.12.2;YAMAHA;"YZF-R125 / 125R 
(version with clutch sensor)";2008-2011 ;
